CustomerID,CustomerName,Email,City,State
C001,Aarav Shrestha,customer1@example.com,Kathmandu,Bagmati
C002,Sita Shrestha,customer2@example.com,Lalitpur,Bagmati
C003,Prakash Shrestha,customer3@example.com,Bhaktapur,Bagmati
C004,Anisha Shrestha,customer4@example.com,Pokhara,Gandaki
,Ramesh Shrestha,customer5@example.com,Biratnagar,Koshi
C006,Samjhana Shrestha,customer6@example.com,Bharatpur,Bagmati
C007,Bibek Shrestha,customer7@example.com,Birgunj,Madhesh
C008,Nisha Shrestha,customer8@example.com,Butwal,Lumbini
C009,Suman Shrestha,customer9@example.com,Dharan,Koshi
C010,,customer10@example.com,Hetauda,Bagmati
C011,Aarav Gurung,customer11@example.com,Dhangadhi,Sudurpashchim
C012,Sita Gurung,customer12@example.com,Nepalgunj,Lumbini
C013,Prakash Gurung,customer13@example.com,Janakpur,Madhesh
C014,Anisha Gurung,customer14@example.com,Itahari,Koshi
C015,Ramesh Gurung,anisha.gmail.com,Birtamod,Koshi
C016,Samjhana Gurung,customer16@example.com,Kathmandu,Bagmati
C017,Bibek Gurung,customer17@example.com,Lalitpur,Bagmati
C018,Nisha Gurung,customer18@example.com,Bhaktapur,Bagmati
C019,Suman Gurung,customer19@example.com,Pokhara,Gandaki
C020,Puja Gurung,customer20@example.com,Biratnagar,Koshi
C021,Aarav Thapa,customer21@example.com,Bharatpur,Bagmati
C022,Sita Thapa,customer22@example.com,Birgunj,Madhesh
C023,Prakash Thapa,customer23@example.com,Butwal,Lumbini
C024,Anisha Thapa,customer24@example.com,Dharan,Koshi
C025,Ramesh Thapa,,Hetauda,Bagmati
C026,Samjhana Thapa,customer26@example.com,Dhangadhi,Sudurpashchim
C027,Bibek Thapa,customer27@example.com,Nepalgunj,Lumbini
C028,Nisha Thapa,customer28@example.com,Janakpur,Madhesh
C029,Suman Thapa,customer29@example.com,Itahari,Koshi
C030,Puja Thapa,customer30@example.com,Birtamod,Koshi
C031,Aarav Karki,customer31@example.com,Kathmandu,Bagmati
C032,Sita Karki,customer32@example.com,Lalitpur,Bagmati
C033,Prakash Karki,customer33@example.com,Bhaktapur,Bagmati
C034,Anisha Karki,customer34@example.com,Pokhara,Gandaki
C035,Ramesh Karki,customer35@example.com,Biratnagar,Koshi
C036,Samjhana Karki,customer36@example.com,Bharatpur,Bagmati
C037,Bibek Karki,customer37@example.com,Birgunj,Madhesh
C038,Nisha Karki,customer38@example.com,Butwal,Lumbini
C039,Suman Karki,customer39@example.com,Dharan,Koshi
C040,Puja Karki,customer40@example.com,Hetauda,Bagmati
C041,Aarav Adhikari,customer41@example.com,Dhangadhi,Sudurpashchim
C042,Sita Adhikari,customer42@example.com,Nepalgunj,Lumbini
C043,Prakash Adhikari,customer43@example.com,Janakpur,Madhesh
C044,Anisha Adhikari,customer44@example.com,Itahari,Koshi
C045,Ramesh Adhikari,customer45@example.com,Birtamod,Koshi
C046,Samjhana Adhikari,customer46@example.com,Kathmandu,Bagmati
C047,Bibek Adhikari,customer47@example.com,Lalitpur,Bagmati
C048,Nisha Adhikari,customer48@example.com,Bhaktapur,Bagmati
C049,Suman Adhikari,customer49@example.com,Pokhara,Gandaki
C050,Puja Adhikari,customer50@example.com,Biratnagar,Koshi
C051,Aarav Tamang,customer51@example.com,Bharatpur,Bagmati
C052,Sita Tamang,customer52@example.com,Birgunj,Madhesh
C053,Prakash Tamang,customer53@example.com,Butwal,Lumbini
C054,Anisha Tamang,customer54@example.com,Dharan,Koshi
C055,Ramesh Tamang,customer55@example.com,Hetauda,Bagmati
C056,Samjhana Tamang,customer56@example.com,Dhangadhi,Sudurpashchim
C057,Bibek Tamang,customer57@example.com,Nepalgunj,Lumbini
C058,Nisha Tamang,customer58@example.com,Janakpur,Madhesh
C059,Suman Tamang,customer59@example.com,Itahari,Koshi
C060,Puja Tamang,customer60@example.com,Birtamod,Koshi
C061,Aarav Rai,customer61@example.com,Kathmandu,Bagmati
C062,Sita Rai,customer62@example.com,Lalitpur,Bagmati
C063,Prakash Rai,customer63@example.com,Bhaktapur,Bagmati
C064,Anisha Rai,customer64@example.com,Pokhara,Gandaki
C065,Ramesh Rai,customer65@example.com,Biratnagar,Koshi
C066,Samjhana Rai,customer66@example.com,Bharatpur,Bagmati
C067,Bibek Rai,customer67@example.com,Birgunj,Madhesh
C068,Nisha Rai,customer68@example.com,Butwal,Lumbini
C069,Suman Rai,customer69@example.com,Dharan,Koshi
C070,Puja Rai,customer70@example.com,Hetauda,Bagmati
C071,Aarav Magar,customer71@example.com,Dhangadhi,Sudurpashchim
C072,Sita Magar,customer72@example.com,Nepalgunj,Lumbini
C073,Prakash Magar,customer73@example.com,Janakpur,Madhesh
C074,Anisha Magar,customer74@example.com,Itahari,Koshi
C075,Ramesh Magar,customer75@example.com,Birtamod,Koshi
C076,Samjhana Magar,customer76@example.com,Kathmandu,Bagmati
C077,Bibek Magar,customer77@example.com,Lalitpur,Bagmati
C078,Nisha Magar,customer78@example.com,Bhaktapur,Bagmati
C079,Suman Magar,customer79@example.com,Pokhara,Gandaki
C080,Puja Magar,customer80@example.com,Biratnagar,Koshi
C081,Aarav Poudel,customer81@example.com,Bharatpur,Bagmati
C082,Sita Poudel,customer82@example.com,Birgunj,Madhesh
C083,Prakash Poudel,customer83@example.com,Butwal,Lumbini
C084,Anisha Poudel,customer84@example.com,Dharan,Koshi
C085,Ramesh Poudel,customer85@example.com,Hetauda,Bagmati
C086,Samjhana Poudel,customer86@example.com,Dhangadhi,Sudurpashchim
C087,Bibek Poudel,customer87@example.com,Nepalgunj,Lumbini
C088,Nisha Poudel,customer88@example.com,Janakpur,Madhesh
C089,Suman Poudel,customer89@example.com,Itahari,Koshi
C090,Puja Poudel,customer90@example.com,Birtamod,Koshi
C091,Aarav Bhandari,customer91@example.com,Kathmandu,Bagmati
C092,Sita Bhandari,customer92@example.com,Lalitpur,Bagmati
C093,Prakash Bhandari,customer93@example.com,Bhaktapur,Bagmati
C094,Anisha Bhandari,customer94@example.com,Pokhara,Gandaki
C095,Ramesh Bhandari,customer95@example.com,Biratnagar,Koshi
C096,Samjhana Bhandari,customer96@example.com,Bharatpur,Bagmati
C097,Bibek Bhandari,customer97@example.com,Birgunj,Madhesh
C098,Nisha Bhandari,customer98@example.com,Butwal,Lumbini
C099,Suman Bhandari,customer99@example.com,Dharan,Koshi
C100,Puja Bhandari,customer100@example.com,Hetauda,Bagmati
